"","gs_name","stat_est","pval","adjp"
"1","GOBP_C21_STEROID_HORMONE_BIOSYNTHETIC_PROCESS","99.6303059225548","0.000271418304694558",0.00101955521489753
"2","GOBP_GOLGI_TO_VACUOLE_TRANSPORT","99.6303059225548","0.000271418304694558",0.00101955521489753
"3","GOBP_O_GLYCAN_PROCESSING","99.7208864136427","2.5090058398971e-13",5.4485759387494e-12
"4","GOBP_REGULATION_OF_ACROSOME_REACTION","99.6374504638745","0.0116537488359593",0.0258842691620305
"5","GOBP_NEGATIVE_REGULATION_OF_TYPE_I_INTERFERON_MEDIATED_SIGNALING_PATHWAY","99.6303059225548","0.000271418304694558",0.00101955521489753
"6","GOBP_METANEPHRIC_TUBULE_DEVELOPMENT","99.6303059225548","0.000271418304694558",0.00101955521489753
"7","GOBP_REGULATION_OF_DEFENSE_RESPONSE_TO_BACTERIUM","99.6303059225548","0.000271418304694558",0.00101955521489753
"8","GOCC_APICOLATERAL_PLASMA_MEMBRANE","99.6303059225548","0.000271418304694558",0.00101955521489753
